Type,Name,Request Count,Failure Count,Median Response Time,Average Response Time,Min Response Time,Max Response Time,Average Content Size,Requests/s,Failures/s,50%,66%,75%,80%,90%,95%,98%,99%,99.9%,99.99%,100%
POST,/api/v1/spaces,72,0,5700.0,57313.448951390455,4811.912400007714,187421.01220000768,310.875,0.24078347583472254,0.0,5800,88000,89000,94000,184000,187000,187000,187000,187000,187000,187000
POST,/graphql [createSpace mutation],1,1,83661.42899997067,83661.42899997067,83661.42899997067,83661.42899997067,144.0,0.003344214942148924,0.003344214942148924,84000,84000,84000,84000,84000,84000,84000,84000,84000,84000,84000
POST,/graphql [spaces query],3,3,182000.0,152235.93250000462,92765.40309999837,182231.95759998634,144.0,0.010032644826446772,0.010032644826446772,182000,182000,182000,182000,182000,182000,182000,182000,182000,182000,182000
GET,/health [GET],575,0,7,12362.987045218219,2.8802999877370894,268719.0155000426,79.0,1.9229235917356313,0.0,7,11,26,120,82000,92000,182000,182000,269000,269000,269000
,Aggregated,651,4,8,18088.56390476278,2.8802999877370894,268719.0155000426,105.04454685099846,2.1770839273389493,0.013376859768595695,8,25,320,4800,90000,94000,182000,186000,269000,269000,269000
