Type,Name,Request Count,Failure Count,Median Response Time,Average Response Time,Min Response Time,Max Response Time,Average Content Size,Requests/s,Failures/s,50%,66%,75%,80%,90%,95%,98%,99%,99.9%,99.99%,100%
POST,/api/v1/spaces,134,0,34000.0,31833.54339552279,8462.32760004932,44856.746800011024,310.17910447761193,0.447276314625492,0.0,34000,35000,38000,38000,41000,44000,44000,45000,45000,45000,45000
POST,/graphql [createSpace mutation],53,53,16000.0,16745.76044717215,105.32490001060069,36316.13679998554,103.24528301886792,0.176907796083217,0.176907796083217,16000,25000,27000,27000,29000,31000,33000,36000,36000,36000,36000
POST,/graphql [spaces query],83,83,21000.0,18316.71056386044,14.824200014118105,40600.16380000161,114.50602409638554,0.27704428443220774,0.27704428443220774,21000,25000,26000,27000,30000,37000,41000,41000,41000,41000,41000
GET,/health [GET],519,115,15000.0,13026.409774950622,4.79600002290681,31999.033500032965,61.49518304431599,1.73236124843754,0.3838565386711312,15000,16000,20000,21000,22000,25000,28000,28000,32000,32000,32000
,Aggregated,789,251,16000.0,17026.886905830124,4.79600002290681,44856.746800011024,112.11153358681875,2.6335896435784565,0.8378086191865559,16000,22000,24000,26000,34000,37000,41000,43000,45000,45000,45000
