Type,Name,Request Count,Failure Count,Median Response Time,Average Response Time,Min Response Time,Max Response Time,Average Content Size,Requests/s,Failures/s,50%,66%,75%,80%,90%,95%,98%,99%,99.9%,99.99%,100%
GET,/health [GET],2892,0,12,246.51294647351926,2.4066000478342175,3122.104300011415,79.0,24.442631790197584,0.0,12,56,180,340,870,1400,2200,2700,3000,3100,3100
,Aggregated,2892,0,12,246.51294647351926,2.4066000478342175,3122.104300011415,79.0,24.442631790197584,0.0,12,56,180,340,870,1400,2200,2700,3000,3100,3100
