Type,Name,Request Count,Failure Count,Median Response Time,Average Response Time,Min Response Time,Max Response Time,Average Content Size,Requests/s,Failures/s,50%,66%,75%,80%,90%,95%,98%,99%,99.9%,99.99%,100%
POST,/api/v1/spaces,137,0,29000.0,27606.37650218704,917.7495000185445,53818.01170000108,310.4379562043796,0.4701013143400876,0.0,29000,32000,42000,43000,44000,53000,54000,54000,54000,54000,54000
POST,/graphql [createSpace mutation],51,0,19000.0,17647.46016274348,7210.669000050984,27647.67870004289,583.0,0.17500121920689393,0.0,19000,20000,22000,22000,27000,27000,28000,28000,28000,28000,28000
POST,/graphql [spaces query],103,0,20000.0,18621.291744660077,1749.5236999820918,27721.508599992376,511.0,0.353433834868825,0.0,20000,22000,23000,23000,25000,26000,27000,27000,28000,28000,28000
GET,/health [GET],892,11,290.0,7287.675590359171,3.14990000333637,27542.365900008008,78.02578475336323,3.060805637893125,0.03774536100540849,290,9900,16000,18000,23000,25000,27000,27000,28000,28000,28000
,Aggregated,1183,11,8500.0,11074.128254775907,3.14990000333637,53818.01170000108,164.40828402366864,4.059342006308932,0.03774536100540849,8500,16000,20000,21000,25000,30000,43000,44000,54000,54000,54000
