Type,Name,Request Count,Failure Count,Median Response Time,Average Response Time,Min Response Time,Max Response Time,Average Content Size,Requests/s,Failures/s,50%,66%,75%,80%,90%,95%,98%,99%,99.9%,99.99%,100%
GET,/health [GET],2528,0,13,158.24446206547864,2.9368000105023384,3861.950499995146,79.0,21.48857197520655,0.0,13,40,90,130,440,870,1800,2000,3800,3900,3900
,Aggregated,2528,0,13,158.24446206547864,2.9368000105023384,3861.950499995146,79.0,21.48857197520655,0.0,13,40,90,130,440,870,1800,2000,3800,3900,3900
