Type,Name,Request Count,Failure Count,Median Response Time,Average Response Time,Min Response Time,Max Response Time,Average Content Size,Requests/s,Failures/s,50%,66%,75%,80%,90%,95%,98%,99%,99.9%,99.99%,100%
POST,/api/v1/spaces,4,0,95000.0,95244.1617000004,93723.1869000243,96760.38519997383,308.75,0.03979568540956697,0.0,96000,96000,97000,97000,97000,97000,97000,97000,97000,97000,97000
POST,/graphql [createSpace mutation],1,1,92688.67930001579,92688.67930001579,92688.67930001579,92688.67930001579,144.0,0.009948921352391742,0.009948921352391742,93000,93000,93000,93000,93000,93000,93000,93000,93000,93000,93000
GET,/health [GET],22,0,8,16762.131836368513,3.3586000208742917,92662.99520002212,79.0,0.2188762697526183,0.0,8,10,1000,1000,91000,91000,93000,93000,93000,93000,93000
GET,/metrics [GET],21,21,5,4436.113428573923,3.51869995938614,90889.67880001292,22.0,0.20892734840022656,0.20892734840022656,5,7,8,8,1000,1100,91000,91000,91000,91000,91000
,Aggregated,48,22,8,19491.471010420355,3.3586000208742917,96760.38519997383,74.5625,0.4775482249148036,0.2188762697526183,8,10,1000,91000,93000,95000,97000,97000,97000,97000,97000
