Type,Name,Request Count,Failure Count,Median Response Time,Average Response Time,Min Response Time,Max Response Time,Average Content Size,Requests/s,Failures/s,50%,66%,75%,80%,90%,95%,98%,99%,99.9%,99.99%,100%
POST,/api/v1/spaces,156,0,28000.0,27634.062285258184,2906.053900020197,41610.99940002896,310.7371794871795,0.5246067275917109,0.0,28000,32000,35000,36000,37000,38000,40000,41000,42000,42000,42000
POST,/graphql [createSpace mutation],46,46,18000.0,17132.095376086552,43.41699997894466,33991.984600026626,109.56521739130434,0.15469172736678652,0.15469172736678652,18000,25000,26000,27000,28000,30000,34000,34000,34000,34000,34000
POST,/graphql [spaces query],75,75,19000.0,17790.62168666084,249.42639999790117,33376.33070000447,117.12,0.2522147728806302,0.2522147728806302,19000,24000,25000,26000,30000,32000,33000,33000,33000,33000,33000
GET,/health [GET],496,115,14000.0,13376.593507259375,6.563599978107959,31428.156099980697,60.68346774193548,1.6679803646505678,0.38672931841696634,14000,17000,19000,20000,23000,25000,27000,27000,31000,31000,31000
,Aggregated,773,236,17000.0,16905.66249663709,6.563599978107959,41610.99940002896,119.53169469598966,2.5994935924896954,0.793635818664383,17000,21000,24000,26000,30000,35000,37000,38000,42000,42000,42000
