Type,Name,Request Count,Failure Count,Median Response Time,Average Response Time,Min Response Time,Max Response Time,Average Content Size,Requests/s,Failures/s,50%,66%,75%,80%,90%,95%,98%,99%,99.9%,99.99%,100%
POST,/api/v1/spaces,172,0,7400.0,7875.501823836943,4.723599995486438,21814.857299963478,310.27906976744185,0.5803358634348355,0.0,7400,11000,13000,14000,15000,16000,17000,21000,22000,22000,22000
POST,/graphql [createSpace mutation],168,168,12000.0,12060.514125003205,39.21210003318265,27561.941399995703,128.57142857142858,0.5668396805642578,0.5668396805642578,12000,15000,17000,19000,23000,24000,26000,27000,28000,28000,28000
POST,/graphql [spaces query],210,210,13000.0,12230.35763714191,12.561800016555935,27159.051500028,129.6,0.7085496007053224,0.7085496007053224,13000,15000,16000,17000,21000,25000,27000,27000,27000,27000,27000
GET,/health [GET],834,224,7700.0,7721.894642686916,3.147000039462,23306.605299992952,57.78177458033573,2.813954128515423,0.7557862407523438,7700,9500,10000,11000,14000,17000,19000,20000,23000,23000,23000
,Aggregated,1384,602,8800.0,8951.725377529741,3.147000039462,27561.941399995703,108.65173410404624,4.669679273219838,2.031175522021924,8800,11000,13000,14000,17000,19000,24000,26000,27000,28000,28000
