Type,Name,Request Count,Failure Count,Median Response Time,Average Response Time,Min Response Time,Max Response Time,Average Content Size,Requests/s,Failures/s,50%,66%,75%,80%,90%,95%,98%,99%,99.9%,99.99%,100%
POST,/api/v1/spaces,20,0,93000.0,93801.9234700012,92267.43319997331,95302.41910001496,311.1,0.20975045485645227,0.0,94000,94000,95000,95000,95000,95000,95000,95000,95000,95000,95000
POST,/graphql [spaces query],1,1,91238.78269997658,91238.78269997658,91238.78269997658,91238.78269997658,144.0,0.010487522742822613,0.010487522742822613,91000,91000,91000,91000,91000,91000,91000,91000,91000,91000,91000
,Aggregated,21,1,93000.0,93679.86914761907,91238.78269997658,95302.41910001496,303.14285714285717,0.22023797759927488,0.010487522742822613,93000,94000,94000,95000,95000,95000,95000,95000,95000,95000,95000
