Type,Name,Request Count,Failure Count,Median Response Time,Average Response Time,Min Response Time,Max Response Time,Average Content Size,Requests/s,Failures/s,50%,66%,75%,80%,90%,95%,98%,99%,99.9%,99.99%,100%
POST,/api/v1/spaces,23,23,93,330.082504349538,23.417200020048767,1987.4755999771878,22.0,0.07728859538432396,0.07728859538432396,93,180,660,700,910,1100,2000,2000,2000,2000,2000
GET,/api/v1/spaces [LIST],813,813,6,25.394601967336946,1.9947999971918762,1352.7552000014111,22.0,2.731983828150234,2.731983828150234,6,8,11,13,34,80,210,550,1400,1400,1400
POST,/graphql [createSpace mutation],120,120,6,16.81546250086588,2.2554000024683774,697.0507000223733,22.0,0.40324484548342937,0.40324484548342937,6,8,9,11,15,32,150,210,700,700,700
POST,/graphql [spaces query],173,173,6,29.188131215050817,2.2756000398658216,1983.74120000517,22.0,0.5813446522386106,0.5813446522386106,6,10,12,15,32,66,290,390,2000,2000,2000
GET,/health [GET],9441,0,6,17.226381273300237,1.6768999630585313,1970.6347999745049,59.0,31.725288218408807,0.0,6,7,9,11,22,48,110,240,1400,2000,2000
,Aggregated,10570,1129,6,18.72652571438217,1.6768999630585313,1987.4755999771878,55.04796594134343,35.519150139665406,3.7938619212565983,6,7,9,11,24,53,130,280,1400,2000,2000
