Type,Name,Request Count,Failure Count,Median Response Time,Average Response Time,Min Response Time,Max Response Time,Average Content Size,Requests/s,Failures/s,50%,66%,75%,80%,90%,95%,98%,99%,99.9%,99.99%,100%
POST,/api/v1/spaces,29,0,3900.0,3758.4116137867536,1021.6199000133201,9072.67680001678,310.58620689655174,0.5445515860382735,0.0,3900,4700,4800,6300,8200,9000,9100,9100,9100,9100,9100
POST,/graphql [createSpace mutation],8,8,3500.0,4047.9375000068103,1735.626100038644,6257.662800024264,144.0,0.15022112718297198,0.15022112718297198,4200,4600,6200,6200,6300,6300,6300,6300,6300,6300,6300
POST,/graphql [spaces query],7,7,3600.0,3499.09318571112,1921.04859999381,5442.4745999858715,144.0,0.1314434862851005,0.1314434862851005,3600,4000,4200,4200,5400,5400,5400,5400,5400,5400,5400
GET,/health [GET],143,0,22,1038.9452195780066,3.6619000020436943,5985.244099982083,79.0,2.685202648395624,0.0,22,97,1400,3100,3800,4900,5900,5900,6000,6000,6000
,Aggregated,187,15,96,1681.4986925107119,3.6619000020436943,9072.67680001678,120.1283422459893,3.51141884790197,0.2816646134680725,96,2400,3400,3700,4800,5900,7700,9000,9100,9100,9100
