Type,Name,Request Count,Failure Count,Median Response Time,Average Response Time,Min Response Time,Max Response Time,Average Content Size,Requests/s,Failures/s,50%,66%,75%,80%,90%,95%,98%,99%,99.9%,99.99%,100%
POST,/api/v1/spaces,16,0,185000.0,185116.02723749093,183293.54109999258,186198.98450002074,311.375,0.0578474327480748,0.0,185000,185000,186000,186000,186000,186000,186000,186000,186000,186000,186000
POST,/graphql [createSpace mutation],1,1,92371.77560001146,92371.77560001146,92371.77560001146,92371.77560001146,144.0,0.003615464546754675,0.003615464546754675,92000,92000,92000,92000,92000,92000,92000,92000,92000,92000,92000
POST,/graphql [spaces query],2,2,88447.21589999972,180501.4108499745,88447.21589999972,272555.60579994926,72.0,0.00723092909350935,0.00723092909350935,273000,273000,273000,273000,273000,273000,273000,273000,273000,273000,273000
GET,/health [GET],66,0,54,51381.10500606479,2.923299965914339,183318.22969997302,79.0,0.23862066008580857,0.0,54,170,92000,183000,183000,183000,183000,183000,183000,183000,183000
,Aggregated,85,3,170.0,80075.10545294228,2.923299965914339,272555.60579994926,123.34117647058824,0.3073144864741474,0.010846393640264025,170,183000,183000,183000,185000,186000,186000,273000,273000,273000,273000
